id,flag,name,demonym,code,iso2,tld,currency,population,density,area,gdp,median_age,language,website,callingCode,drivingSide,continent,unMember,religion,createdAt,updatedAt
cmlc3po6c0000wfrv58h4allp,🇨🇳,China,Chinese,CN,CN,.cn,Chinese Yuan,1413142846,147.2,9596960,17963170,39.8,Chinese,https://www.gov.cn,86,right,Asia,true,No Religion,2026-02-07 09:17:49.86,2026-02-07 09:22:40.904
cmlc3po940001wfrvduoc5ksz,🇮🇳,India,Indian,IN,IN,.in,Indian Rupee,1399179585,425.6,3287263,3465541,29.5,Hindi,http://india.gov.in,91,left,Asia,true,Hinduism,2026-02-07 09:17:49.96,2026-02-07 09:22:40.939
cmlc3po980002wfrv1b54k6fl,🇺🇸,United States,American,US,US,.us,United States Dollar,339665118,34.5,9833517,25744100,38.5,English,https://www.usa.gov,1,right,North America,true,Christianity,2026-02-07 09:17:49.964,2026-02-07 09:22:40.943
cmlc3po9f0003wfrviljky6ek,🇮🇩,Indonesia,Indonesian,ID,ID,.id,Rupiah,279476346,146.7,1904569,1319100,31.2,Indonesian,https://indonesia.go.id,62,left,Asia,true,Islam,2026-02-07 09:17:49.971,2026-02-07 09:22:40.949
cmlc3po9q0004wfrvqd809juz,🇵🇰,Pakistan,Pakistani,PK,PK,.pk,Pakistani Rupee,247653551,311.1,796095,326796,22.7,Urdu,http://www.pakistan.gov.pk,92,left,Asia,true,Islam,2026-02-07 09:17:49.982,2026-02-07 09:22:40.954
cmlc3po9v0005wfrvnmtm4g8i,🇳🇬,Nigeria,Nigerian,NG,NG,.ng,Naira,230842743,249.9,923768,15414,19.2,English,https://nigeria.gov.ng,234,right,Africa,true,Christianity,2026-02-07 09:17:49.987,2026-02-07 09:22:40.958
cmlc3poa90006wfrvqaug1mtn,🇧🇷,Brazil,Brazilian,BR,BR,.br,Brazilian Real,218689757,25.7,8515770,1920095,34.7,Portuguese,https://www.gov.br,55,right,South America,true,Christianity,2026-02-07 09:17:50.001,2026-02-07 09:22:40.97
cmlc3poae0007wfrvhkb0n6iw,🇧🇩,Bangladesh,Bangladeshi,BD,BD,.bd,Bangladeshi Taka,167184465,1126.1,148460,432677,29.2,Bengali,http://www.bangladesh.gov.bd,880,left,Asia,true,Islam,2026-02-07 09:17:50.006,2026-02-07 09:22:40.972
cmlc3poaj0008wfrvdfoeccpx,🇷🇺,Russia,Russian,RU,RU,.ru,Russian Ruble,141698923,8.3,17098242,2240422,41.5,Russian,http://gov.ru,7,right,Europe,true,Christianity,2026-02-07 09:17:50.011,2026-02-07 09:22:40.975
cmlc3poar0009wfrv8klz57lq,🇲🇽,Mexico,Mexican,MX,MX,.mx,Mexican Peso,129875529,66.1,1964375,1463323,30.6,Spanish,https://www.gob.mx,52,right,North America,true,Christianity,2026-02-07 09:17:50.019,2026-02-07 09:22:40.978
cmlc3poav000awfrvkyahbu5a,🇯🇵,Japan,Japanese,JP,JP,.jp,Japanese Yen,123719238,327.4,377915,4232173,49.5,Japanese,https://www.japan.go.jp,81,left,Asia,true,No Religion,2026-02-07 09:17:50.023,2026-02-07 09:22:40.981
cmlc3poaz000bwfrv0qrmhwkz,🇪🇹,Ethiopia,Ethiopian,ET,ET,.et,Bir,116462712,105.5,1104300,118971,20.2,Amharic,https://www.pmo.gov.et,251,right,Africa,true,Christianity,2026-02-07 09:17:50.027,2026-02-07 09:22:40.984
cmlc3pob2000cwfrvvlsczudq,🇵🇭,Philippines,Philippine,PH,PH,.ph,Philippine Peso,116434200,388.1,300000,404284,25.4,Filipino,https://www.gov.ph,63,right,Asia,true,Christianity,2026-02-07 09:17:50.03,2026-02-07 09:22:40.987
cmlc3pob4000dwfrv6uih5lc3,🇨🇩,Democratic Republic of the Congo,Congolese,CD,CD,.cd,Congolese Franc,111859928,47.7,2344858,62551,16.8,French,https://www.primature.gouv.cd,243,right,Africa,true,Christianity,2026-02-07 09:17:50.032,2026-02-07 09:22:41.002
cmlc3pob7000ewfrvye6p1pjy,🇪🇬,Egypt,Egyptian,EG,EG,.eg,Egyptian Pound,109546720,109.4,1001450,409306,24.1,Arabic,https://www.sis.gov.eg,20,right,Africa,true,Islam,2026-02-07 09:17:50.035,2026-02-07 09:22:41.009
cmlc3pob8000fwfrvd82axylh,🇻🇳,Vietnam,Vietnamese,VN,VN,.vn,Vietnamese Dong,104799174,316.4,331210,408802,32.7,Vietnamese,https://vietnam.gov.vn,84,right,Asia,true,No Religion,2026-02-07 09:17:50.036,2026-02-07 09:22:41.02
cmlc3poba000gwfrvblbsw37s,🇮🇷,Iran,Iranian,IR,IR,.ir,Iranian Rial,87590873,53.1,1648195,398047,33.3,Persian,https://president.ir/en,98,right,Asia,true,Islam,2026-02-07 09:17:50.038,2026-02-07 09:22:41.022
cmlc3pobc000hwfrvbt1asj0t,🇩🇪,Germany,German,DE,DE,.de,Euro,84220184,235.9,357022,4076923,46.7,German,https://www.deutschland.de,49,right,Europe,true,Christianity,2026-02-07 09:17:50.04,2026-02-07 09:22:41.031
cmlc3pobf000iwfrvl8ukc0vo,🇹🇷,Turkey,Turkish,TR,TR,.tr,Turkish Lira,83593483,106.7,783562,907118,33.6,Turkish,https://www.turkiye.gov.tr,90,right,Asia,true,Islam,2026-02-07 09:17:50.043,2026-02-07 09:22:41.035
cmlc3pobj000jwfrvkq5m6185,🇹🇭,Thailand,Thai,TH,TH,.th,Thai Baht,69794997,136.0,513120,495340,41,Thai,https://www.thaigov.go.th,66,left,Asia,true,Buddhism,2026-02-07 09:17:50.047,2026-02-07 09:22:41.037
cmlc3pobl000kwfrvs0anf28f,🇫🇷,France,French,FR,FR,.fr,Euro,68521974,106.4,643801,2775316,42.4,French,https://www.service-public.fr,33,right,Europe,true,Christianity,2026-02-07 09:17:50.049,2026-02-07 09:22:41.045
cmlc3pobn000lwfrvtmn1w89t,🇬🇧,United Kingdom,British,GB,GB,.uk,British Pound,68138484,279.7,243610,3089072,40.6,English,https://www.gov.uk,44,left,Europe,true,Christianity,2026-02-07 09:17:50.051,2026-02-07 09:22:41.048
cmlc3pobp000mwfrvslgbp9zt,🇹🇿,Tanzania,Tanzanian,TZ,TZ,.tz,Tanzanian Shilling,65642682,69.3,947300,2361,18.9,Swahili,https://www.tanzania.go.tz,255,left,Africa,true,Christianity,2026-02-07 09:17:50.053,2026-02-07 09:22:41.05
cmlc3pobu000nwfrvqeii10iv,🇮🇹,Italy,Italian,IT,IT,.it,Euro,61021855,202.5,301340,2046952,48.1,Italian,https://www.italia.it,39,right,Europe,true,Christianity,2026-02-07 09:17:50.058,2026-02-07 09:22:41.052
cmlc3podc000owfrvwmol95up,🇿🇦,South Africa,South African,ZA,ZA,.za,Rand,58048332,47.6,1219090,405270,30.1,Zulu,https://www.gov.za,27,left,Africa,true,Christianity,2026-02-07 09:17:50.112,2026-02-07 09:22:41.054
cmlc3podg000pwfrvq0zfv07d,🇲🇲,Myanmar,Burmese,MM,MM,.mm,Kyat,57970293,85.7,676578,65211,30.4,Burmese,https://www.myanmar.gov.mm,NULL,right,Asia,true,Buddhism,2026-02-07 09:17:50.116,2026-02-07 09:22:41.057
cmlc3podi000qwfrvgmbh1xgd,🇰🇪,Kenya,Kenyan,KE,KE,.ke,Kenyan Shilling,57052004,98.3,580367,113419,20.9,English,http://www.president.go.ke,254,left,Africa,true,Christianity,2026-02-07 09:17:50.117,2026-02-07 09:22:41.07
cmlc3podk000rwfrvk7e8pt8q,🇰🇷,South Korea,South Korean,KR,KR,.kr,South Korean Won,51966948,521.1,99720,1673916,45,Korean,http://www.korea.go.kr,82,right,Asia,true,No Religion,2026-02-07 09:17:50.12,2026-02-07 09:22:41.072
cmlc3podm000swfrvkly0c724,🇨🇴,Colombia,Colombian,CO,CO,.co,Colombian Peso,49336454,43.3,1138910,343939,32.4,Spanish,https://www.gov.co,57,right,South America,true,Christianity,2026-02-07 09:17:50.122,2026-02-07 09:22:41.085
cmlc3poe0000twfrvw54f5bdv,🇸🇩,Sudan,Sudanese,SD,SD,.sd,Sudanese Pound,49197555,26.4,1861484,36729,19.1,Arabic,http://www.sudan.gov.sd/index.php/en,249,right,Africa,true,Islam,2026-02-07 09:17:50.136,2026-02-07 09:22:41.087
cmlc3poe2000uwfrvs54f19xe,🇺🇬,Uganda,Ugandan,UG,UG,.ug,Ugandan Shilling,47729952,198.0,241038,48243,16.1,English,http://www.statehouse.go.ug,256,left,Africa,true,Christianity,2026-02-07 09:17:50.138,2026-02-07 09:22:41.089
cmlc3poe5000vwfrvz3igzotq,🇪🇸,Spain,Spanish,ES,ES,.es,Euro,47222613,93.4,505370,1415874,46.3,Spanish,https://administracion.gob.es,34,right,Europe,true,Christianity,2026-02-07 09:17:50.141,2026-02-07 09:22:41.091
cmlc3poe7000wwfrveeokmnh5,🇦🇷,Argentina,Argentinian,AR,AR,.ar,Argentine Convertible Peso,46621847,16.8,2780400,631133,33,Spanish,https://www.argentina.gob.ar,54,right,South America,true,Christianity,2026-02-07 09:17:50.143,2026-02-07 09:22:41.093
cmlc3poe9000xwfrv7qeytr06,🇩🇿,Algeria,Algerian,DZ,DZ,.dz,Algerian Dinar,44758398,18.8,2381740,191912,28.9,Arabic,https://www.el-mouradia.dz/ar/home,213,right,Africa,true,Islam,2026-02-07 09:17:50.145,2026-02-07 09:22:41.096
cmlc3poec000ywfrv53adom0w,🇺🇦,Ukraine,Ukrainian,UA,UA,.ua,Hryvnia,43306477,71.8,603550,160502,45.3,Ukrainian,https://ukraine.ua,380,right,Europe,true,Christianity,2026-02-07 09:17:50.148,2026-02-07 09:22:41.103
cmlc3poef000zwfrv0z4j0eva,🇮🇶,Iraq,Iraqi,IQ,IQ,.iq,Iraqi Dinar,41266109,94.1,438317,264182,22.1,Arabic,https://gds.gov.iq,964,right,Asia,true,Islam,2026-02-07 09:17:50.151,2026-02-07 09:22:41.105
cmlc3poeh0010wfrv4uobpurw,🇦🇫,Afghanistan,Afghan,AF,AF,.af,Afghani,39232003,60.2,652230,14174,19.9,Pashto,https://alemarahenglish.af,93,right,Asia,true,Islam,2026-02-07 09:17:50.153,2026-02-07 09:22:41.107
cmlc3poei0011wfrvhtemhe4t,🇨🇦,Canada,Canadian,CA,CA,.ca,Canadian Dollar,38516736,3.9,9984670,2137939,42.4,English,https://www.canada.ca,1,right,North America,true,Christianity,2026-02-07 09:17:50.154,2026-02-07 09:22:41.109
cmlc3poel0012wfrvq48qsc0y,🇵🇱,Poland,Polish,PL,PL,.pl,Polish Zloty,37991766,121.5,312685,688125,42.4,Polish,https://www.gov.pl,48,right,Europe,true,Christianity,2026-02-07 09:17:50.157,2026-02-07 09:22:41.111
cmlc3poes0013wfrvj3jv4yhx,🇲🇦,Morocco,Moroccan,MA,MA,.ma,Moroccan Dirham,37067420,51.7,716550,130912,30.2,Arabic,http://www.maroc.ma/en,212,right,Africa,true,Islam,2026-02-07 09:17:50.164,2026-02-07 09:22:41.112
cmlc3poez0014wfrvtzby514c,🇦🇴,Angola,Angolan,AO,AO,.ao,Kwanza,35981281,28.9,1246700,113304,16.2,Portuguese,https://www.governo.gov.ao,244,right,Africa,true,Christianity,2026-02-07 09:17:50.171,2026-02-07 09:22:41.114
cmlc3pof10015wfrvqrar4745,🇸🇦,Saudi Arabia,Saudi Arabian,SA,SA,.sa,Saudi Riyal,35939806,16.7,2149690,1108148,32,Arabic,http://www.saudi.gov.sa,966,right,Asia,true,Islam,2026-02-07 09:17:50.173,2026-02-07 09:22:41.116
cmlc3pof30016wfrva636zh1n,🇲🇾,Malaysia,Malaysian,MY,MY,.my,Malaysian Ringgit,34219975,103.7,329847,406305,31.4,Malay,https://www.malaysia.gov.my,60,left,Asia,true,Islam,2026-02-07 09:17:50.175,2026-02-07 09:22:41.12
cmlc3pof60017wfrvofjk0sad,🇬🇭,Ghana,Ghanaian,GH,GH,.gh,Ghana Cedi,33846114,141.9,238533,73766,21.3,English,https://www.ghana.gov.gh,233,right,Africa,true,Christianity,2026-02-07 09:17:50.178,2026-02-07 09:22:41.126
cmlc3pof90018wfrvqq1i2rch,🇲🇿,Mozambique,Mozambican,MZ,MZ,.mz,Mozambican Metical,32513805,40.7,799380,18406,17.2,Portuguese,http://www.portaldogoverno.gov.mz,258,left,Africa,true,Christianity,2026-02-07 09:17:50.181,2026-02-07 09:22:41.13
cmlc3pofd0019wfrv02p8qtqi,🇵🇪,Peru,Peruvian,PE,PE,.pe,Nuevo Sol,32440172,25.2,1285216,242631,30.1,Spanish,https://www.gob.pe,51,right,South America,true,Christianity,2026-02-07 09:17:50.185,2026-02-07 09:22:41.131
cmlc3poff001awfrvf4fxshny,🇾🇪,Yemen,Yemeni,YE,YE,.ye,Yemeni Rial,31565602,59.8,527968,11007,21.6,Arabic,http://www.yemen.gov.ye,967,right,Asia,true,Islam,2026-02-07 09:17:50.187,2026-02-07 09:22:41.134
cmlc3pofg001bwfrvmlwmtuos,🇺🇿,Uzbekistan,Uzbekistani,UZ,UZ,.uz,Uzbekistani Som,31360836,70.1,447400,80391,28.7,Uzbek,https://www.gov.uz/en,998,right,Asia,true,Islam,2026-02-07 09:17:50.188,2026-02-07 09:22:41.135
cmlc3pofi001cwfrvfw2r7ni1,🇳🇵,Nepal,Nepalese,NP,NP,.np,Nepalese Rupee,30899443,209.9,147181,39406,27.1,Nepali,https://nepal.gov.np,977,left,Asia,true,Hinduism,2026-02-07 09:17:50.19,2026-02-07 09:22:41.137
cmlc3pofr001dwfrvmw2xdvg0,🇻🇪,Venezuela,Venezuelan,VE,VE,.ve,Sovereign Bolivar,30518260,33.5,912050,129313,30.8,Spanish,https://mppre.gob.ve,58,right,South America,true,Christianity,2026-02-07 09:17:50.199,2026-02-07 09:22:41.139
cmlc3poft001ewfrvoii2j0dq,🇨🇲,Cameroon,Cameroonian,CM,CM,.cm,Central African Cfa Franc,30135732,63.4,475440,44341,18.8,English,https://www.prc.cm/fr,237,right,Africa,true,Christianity,2026-02-07 09:17:50.201,2026-02-07 09:22:41.144
cmlc3pofv001fwfrvrr0wir7f,🇨🇮,Ivory Coast,Ivoirian,CI,CI,.ci,West African Cfa Franc,29344847,91.0,322463,70018,21,French,https://www.gouv.ci,225,right,Africa,true,Islam,2026-02-07 09:17:50.203,2026-02-07 09:22:41.153
cmlc3pofx001gwfrvzye3vck0,🇲🇬,Madagascar,Malagasy,MG,MG,.mg,Ariary,28812195,49.1,587041,14954,21,Malagasy,https://www.presidence.gov.mg,261,right,Africa,true,Christianity,2026-02-07 09:17:50.205,2026-02-07 09:22:41.154
cmlc3pofz001hwfrvw81lsltr,🇦🇺,Australia,Australian,AU,AU,.au,Australian Dollar,26461166,3.4,7741220,1776577,37.9,English,https://www.australia.gov.au,61,left,Oceania,true,Christianity,2026-02-07 09:17:50.207,2026-02-07 09:22:41.156
cmlc3pog1001iwfrv8lc8rtxu,🇰🇵,North Korea,North Korean,KP,KP,.kp,North Korean Won,26072217,216.3,120538,15176,35.6,Korean,NULL,NULL,right,Asia,true,No Religion,2026-02-07 09:17:50.209,2026-02-07 09:22:41.158
cmlc3pog4001jwfrvffuhzxld,🇳🇪,Niger,Nigerien,NE,NE,.ne,West African Cfa Franc,25396840,20.0,1267000,NULL,15.1,French,http://www.presidence.ne,227,right,Africa,true,Islam,2026-02-07 09:17:50.212,2026-02-07 09:22:41.161
cmlc3pog7001kwfrv7ningwoa,🇹🇼,Taiwan,Taiwanese,TW,TW,.tw,New Taiwan Dollar,23588613,655.6,35980,775017,44,Chinese,https://www.taiwan.gov.tw,886,right,Asia,true,Buddhism,2026-02-07 09:17:50.215,2026-02-07 09:22:41.162
cmlc3pogc001lwfrvxm82g9aw,🇱🇰,Sri Lanka,Sri Lankan,LK,LK,.lk,Sri Lankan Rupee,23326272,355.5,65610,76187,33.9,Sinhala,https://www.gov.lk/index.php,94,left,Asia,true,Buddhism,2026-02-07 09:17:50.22,2026-02-07 09:22:41.164
cmlc3pogo001mwfrvkggqtuk7,🇸🇾,Syria,Syrian,SY,SY,.sy,Syrian Pound,22933531,122.4,187437,18595,23.9,Arabic,http://www.moi.gov.sy,963,right,Asia,true,Islam,2026-02-07 09:17:50.232,2026-02-07 09:22:41.167
cmlc3poha001nwfrvutxubumc,🇧🇫,Burkina Faso,Burkinabe,BF,BF,.bf,West African Cfa Franc,22489126,82.0,274200,19176,18.5,French,https://www.gouvernement.gov.bf/accueil,226,right,Africa,true,Islam,2026-02-07 09:17:50.254,2026-02-07 09:22:41.168
cmlc3pohp001owfrv3p5lbcr1,🇲🇱,Mali,Malian,ML,ML,.ml,West African Cfa Franc,21359722,17.2,1240192,18827,16.3,French,http://www.primature.gov.ml,223,right,Africa,true,Islam,2026-02-07 09:17:50.269,2026-02-07 09:22:41.17
cmlc3poht001pwfrv5zsgy5k4,🇲🇼,Malawi,Malawian,MW,MW,.mw,Malawian Kwacha,21279597,179.6,118484,12558,20,English,http://www.malawi.gov.mw,265,left,Africa,true,Christianity,2026-02-07 09:17:50.273,2026-02-07 09:22:41.172
cmlc3pohx001qwfrvhrt2kyqv,🇿🇲,Zambia,Zambian,ZM,ZM,.zm,Zambian Kwacha,20216029,26.9,752618,29136,18.2,English,http://www.statehouse.gov.zm,260,left,Africa,true,Christianity,2026-02-07 09:17:50.277,2026-02-07 09:22:41.174
cmlc3poi6001rwfrvwg1wpbqa,🇰🇿,Kazakhstan,Kazakhstani,KZ,KZ,.kz,Kazakhstani Tenge,19543464,7.2,2724900,225496,31.7,Kazakh,https://www.gov.kz,7,right,Asia,true,Islam,2026-02-07 09:17:50.286,2026-02-07 09:22:41.175
cmlc3poia001swfrvvi7w46v2,🇨🇱,Chile,Chilean,CL,CL,.cl,Chilean Peso,18549457,24.5,756102,300686,36.6,Spanish,https://www.thisischile.cl/?lang=en,56,right,South America,true,Christianity,2026-02-07 09:17:50.29,2026-02-07 09:22:41.177
cmlc3poim001twfrvpv1gzv8m,🇹🇩,Chad,Chadian,TD,TD,.td,Central African Cfa Franc,18523165,14.4,1284000,16799,16.5,Arabic,NULL,235,right,Africa,true,Islam,2026-02-07 09:17:50.302,2026-02-07 09:22:41.179
cmlc3poio001uwfrvkncybl9i,🇸🇳,Senegal,Senegalese,SN,SN,.sn,West African Cfa Franc,18384660,93.5,196722,27775,19,French,https://www.sec.gouv.sn,221,right,Africa,true,Islam,2026-02-07 09:17:50.304,2026-02-07 09:22:41.187
cmlc3poip001vwfrvrqp26lru,🇷🇴,Romania,Romanian,RO,RO,.ro,Romanian Leu,18326327,76.9,238391,300690,45.1,Romanian,http://www.guv.ro,40,right,Europe,true,Christianity,2026-02-07 09:17:50.305,2026-02-07 09:22:41.189
cmlc3poir001wwfrv02z1ts2p,🇬🇹,Guatemala,Guatemalan,GT,GT,.gt,Quetzal,17980803,165.1,108889,95003,24.4,Spanish,https://www.guatemala.gob.gt,502,right,North America,true,Christianity,2026-02-07 09:17:50.307,2026-02-07 09:22:41.194
cmlc3poj1001xwfrv5w8u71o7,🇪🇨,Ecuador,Ecuadorian,EC,EC,.ec,United States Dollar,17483326,61.7,283561,115049,27.7,Spanish,https://www.gob.ec,593,right,South America,true,Christianity,2026-02-07 09:17:50.316,2026-02-07 09:22:41.196
cmlc3poj3001ywfrvx7la4g27,🇳🇱,Netherlands,Dutch,NL,NL,.nl,Euro,17463930,420.4,41543,1572,42.2,Dutch,https://www.government.nl,31,right,Europe,true,Christianity,2026-02-07 09:17:50.319,2026-02-07 09:22:41.198
cmlc3poj6001zwfrvbjq3obbg,🇰🇭,Cambodia,Cambodian,KH,KH,.kh,Riel,16891245,93.3,181035,29504,27.6,Khmer,https://www.ccc.gov.kh,855,right,Asia,true,Buddhism,2026-02-07 09:17:50.322,2026-02-07 09:22:41.2
cmlc3poj90020wfrvief1j4ej,🇿🇼,Zimbabwe,Zimbabwean,ZW,ZW,.zw,Zimbabwean ZiG,15418674,39.5,390757,26418,21,English,https://www.zim.gov.zw/index.php,263,left,Africa,true,Christianity,2026-02-07 09:17:50.325,2026-02-07 09:22:41.202
cmlc3pojb0021wfrvw2at75ch,🇧🇯,Benin,Beninese,BJ,BJ,.bj,West African Cfa Franc,14219908,126.3,112622,17396,17.1,French,https://www.gouv.bj,229,right,Africa,true,Christianity,2026-02-07 09:17:50.327,2026-02-07 09:22:41.204
cmlc3pojd0022wfrv9mxl5478,🇬🇳,Guinea,Guinean,GN,GN,.gn,Guinean Franc,13607249,55.3,245857,20846,19.3,French,http://www.presidence.gov.gn,224,right,Africa,true,Islam,2026-02-07 09:17:50.329,2026-02-07 09:22:41.206
cmlc3pojf0023wfrv0gtyj102,🇷🇼,Rwanda,Rwandese,RW,RW,.rw,Rwandan Franc,13400541,508.8,26338,13312,20.5,Kinyarwanda,https://www.gov.rw,250,right,Africa,true,Christianity,2026-02-07 09:17:50.331,2026-02-07 09:22:41.213
cmlc3pojh0024wfrv5pu2wfot,🇧🇮,Burundi,Burundian,BI,BI,.bi,Burundian Franc,13162952,473.0,27830,4032,18.2,Kirundi,https://www.presidence.gov.bi,257,right,Africa,true,Christianity,2026-02-07 09:17:50.333,2026-02-07 09:22:41.215
cmlc3poji0025wfrvmqdo9is0,🇸🇴,Somalia,Somalian,SO,SO,.so,Somali Shilling,12693796,19.9,637657,10420,19,Somali,https://web.mfa.gov.so,252,right,Africa,true,Islam,2026-02-07 09:17:50.334,2026-02-07 09:22:41.217
cmlc3pojk0026wfrv3jvii4si,🇧🇴,Bolivia,Bolivian,BO,BO,.bo,Boliviano,12186079,11.1,1098581,44008,26.2,Spanish,https://www.mingobierno.gob.bo,591,right,South America,true,Christianity,2026-02-07 09:17:50.336,2026-02-07 09:22:41.219
cmlc3pojm0027wfrvavrh6ecb,🇸🇸,South Sudan,South Sudanese,SS,SS,.ss,South Sudanese Pound,12118379,18.8,644329,4616,18.7,Arabic,https://mofaic.gov.ss,211,right,Africa,true,Christianity,2026-02-07 09:17:50.338,2026-02-07 09:22:41.221
cmlc3pojo0028wfrvc5no9mje,🇹🇳,Tunisia,Tunisian,TN,TN,.tn,Tunisian Dinar,11976182,73.2,163610,46181,34,Arabic,https://www.social.gov.tn/en,216,right,Africa,true,Islam,2026-02-07 09:17:50.34,2026-02-07 09:22:41.223
cmlc3pojq0029wfrv2601txws,🇧🇪,Belgium,Belgian,BE,BE,.be,Euro,11913633,390.3,30528,582643,41.9,Dutch,https://www.belgium.be,32,right,Europe,true,Christianity,2026-02-07 09:17:50.342,2026-02-07 09:22:41.225
cmlc3pojs002awfrv8dr34mg6,🇭🇹,Haiti,Haitian,HT,HT,.ht,Gourde,11470261,413.3,27750,18751,24.7,French,http://primature.gouv.ht,509,right,North America,true,Christianity,2026-02-07 09:17:50.344,2026-02-07 09:22:41.227
cmlc3pok2002bwfrvi8kusl48,🇯🇴,Jordan,Jordanian,JO,JO,.jo,Jordanian Dinar,11086716,124.1,89342,47452,24.6,Arabic,https://psd.gov.jo/en-us,962,right,Asia,true,Islam,2026-02-07 09:17:50.354,2026-02-07 09:22:41.229
cmlc3pok6002cwfrvosgth2e4,🇨🇺,Cuba,Cuban,CU,CU,.cu,Cuban Peso,10985974,99.1,110860,147193,42.3,Spanish,http://www.cuba.cu,53,right,North America,true,Christianity,2026-02-07 09:17:50.358,2026-02-07 09:22:41.232
cmlc3pokb002dwfrvb1isve2q,🇩🇴,Dominican Republic,Dominican,DO,DO,.do,Dominican Peso,10790744,221.7,48670,113537,28.9,Spanish,https://www.dominicanrepublic.com,1,right,North America,true,Christianity,2026-02-07 09:17:50.363,2026-02-07 09:22:41.235
cmlc3poki002ewfrvl2rqduxj,🇨🇿,Czech Republic,Czech,CZ,CZ,.cz,Czech Koruna,10706242,135.8,78867,290527,43.9,Czech,https://www.czechia.eu,NULL,right,Europe,true,No Religion,2026-02-07 09:17:50.37,2026-02-07 09:22:41.237
cmlc3pokl002fwfrvb62yfnho,🇸🇪,Sweden,Swedish,SE,SE,.se,Swedish Krona,10536338,23.4,450295,591188,41,Swedish,https://sweden.se,46,right,Europe,true,No Religion,2026-02-07 09:17:50.373,2026-02-07 09:22:41.242
cmlc3pokn002gwfrv5rw1nlmb,🇬🇷,Greece,Greek,GR,GR,.gr,Euro,10497595,79.6,131957,217285,46.2,Greek,https://www.government.gov.gr,30,right,Europe,true,Christianity,2026-02-07 09:17:50.375,2026-02-07 09:22:41.25
cmlc3poks002hwfrvlvl8clz6,🇦🇿,Azerbaijan,Azerbaijani,AZ,AZ,.az,Azerbaijani Manat,10420515,120.3,86600,78721,33.8,Azerbaijani,http://mfa.gov.az/en,994,right,Asia,true,Islam,2026-02-07 09:17:50.38,2026-02-07 09:22:41.253
cmlc3poku002iwfrv7b7y298e,🇵🇹,Portugal,Portuguese,PT,PT,.pt,Euro,10223150,111.0,92090,254849,46,Portuguese,https://www.portugal.gov.pt,351,right,Europe,true,Christianity,2026-02-07 09:17:50.382,2026-02-07 09:22:41.254
cmlc3pokw002jwfrvy3z0y3da,🇦🇪,United Arab Emirates,Emirati,AE,AE,.ae,United Arab Emirates Dirham,9973449,119.3,83600,507063,35.7,Arabic,https://u.ae,971,right,Asia,true,Islam,2026-02-07 09:17:50.384,2026-02-07 09:22:41.256
cmlc3pokz002kwfrv9kn1gjim,🇵🇬,Papua New Guinea,Papua New Guinean,PG,PG,.pg,Kina,9819350,21.2,462840,31609,21.6,English,https://papuanewguinea.travel,675,left,Oceania,true,Christianity,2026-02-07 09:17:50.387,2026-02-07 09:22:41.258
cmlc3pol0002lwfrvyavbmtgu,🇭🇺,Hungary,Hungarian,HU,HU,.hu,Hungarian Forint,9670009,103.9,93028,177337,44.5,Hungarian,https://www.kormany.hu,36,right,Europe,true,Christianity,2026-02-07 09:17:50.388,2026-02-07 09:22:41.26
cmlc3pol2002mwfrvu2vnfcd0,🇭🇳,Honduras,Catracho,HN,HN,.hn,Honduran Lempira,9571352,85.4,112090,31717,25.3,Spanish,https://www.honduras.travel/en,504,right,North America,true,Christianity,2026-02-07 09:17:50.39,2026-02-07 09:22:41.262
cmlc3pola002nwfrv4kyb3xt3,🇧🇾,Belarus,Belarusian,BY,BY,.by,Belarusian Ruble,9383853,45.2,207600,72873,41.7,Belarusian,https://www.belarus.by,375,right,Europe,true,Christianity,2026-02-07 09:17:50.398,2026-02-07 09:22:41.263
cmlc3polc002owfrvqf14vthe,🇹🇯,Tajikistan,Tajikistani,TJ,TJ,.tj,Tajikistani Somoni,9245937,64.2,144100,10492,22.7,Tajik,https://www.mfa.tj/en,992,right,Asia,true,Islam,2026-02-07 09:17:50.4,2026-02-07 09:22:41.267
cmlc3pole002pwfrvj04da9zp,🇮🇱,Israel,Israeli,IL,IL,.il,New Shekel,9043387,412.2,21937,525002,30.1,Hebrew,https://www.gov.il,972,right,Asia,true,Judaism,2026-02-07 09:17:50.402,2026-02-07 09:22:41.269
cmlc3polg002qwfrvx2vnemjf,🇦🇹,Austria,Austrian,AT,AT,.at,Euro,8940860,106.6,83871,470302,44.8,German,https://www.oesterreich.gv.at/en,43,right,Europe,true,Christianity,2026-02-07 09:17:50.404,2026-02-07 09:22:41.27
cmlc3polh002rwfrvlgxh4z2q,🇸🇱,Sierra Leone,Sierra Leonean,SL,SL,.sl,Leone,8908040,124.2,71740,3481,19.2,English,https://statehouse.gov.sl,232,right,Africa,true,Islam,2026-02-07 09:17:50.405,2026-02-07 09:22:41.271
cmlc3polj002swfrvl0d34wn6,🇹🇬,Togo,Togolese,TG,TG,.tg,West African Cfa Franc,8703961,153.3,56785,8087,20.5,French,https://www.republicoftogo.com,228,right,Africa,true,Christianity,2026-02-07 09:17:50.407,2026-02-07 09:22:41.274
cmlc3poll002twfrvaqjxv1in,🇨🇭,Switzerland,Swiss,CH,CH,.ch,Swiss Franc,8563760,207.5,41277,818426,44,German,https://www.admin.ch,41,right,Europe,true,Christianity,2026-02-07 09:17:50.409,2026-02-07 09:22:41.275
cmlc3polr002uwfrvhvmve7sz,🇱🇦,Laos,Laotian,LA,LA,.la,Lao Kip,7852377,33.2,236800,15362,25,Lao,https://www.tourismlaos.org,856,right,Asia,true,Buddhism,2026-02-07 09:17:50.415,2026-02-07 09:22:41.278
cmlc3polt002vwfrv8hfffe2g,🇵🇾,Paraguay,Paraguayan,PY,PY,.py,Paraguayan Guaranã­,7439863,18.3,406752,41722,31.3,Spanish,https://www.paraguay.gov.py,595,right,South America,true,Christianity,2026-02-07 09:17:50.417,2026-02-07 09:22:41.279
cmlc3polv002wwfrvvbnorozy,🇭🇰,Hong Kong,Hong Konger,HK,HK,.hk,Hong Kong Dollar,7288167,6577.8,1108,359838,46.8,Chinese,http://www.gov.hk,852,left,Asia,false,No Religion,2026-02-07 09:17:50.419,2026-02-07 09:22:41.281
cmlc3polw002xwfrv9cg9aja7,🇱🇾,Libya,Libyan,LY,LY,.ly,Libyan Dinar,7252573,4.1,1759540,40537,26.1,Arabic,https://ejraat.gov.ly/?l=en,218,right,Africa,true,Islam,2026-02-07 09:17:50.42,2026-02-07 09:22:41.283
cmlc3poly002ywfrv1mol9tan,🇧🇬,Bulgaria,Bulgarian,BG,BG,.bg,Bulgarian Lev,6827736,61.6,110879,90213,44.7,Bulgarian,http://www.government.bg,359,right,Europe,true,Christianity,2026-02-07 09:17:50.422,2026-02-07 09:22:41.285
cmlc3pom0002zwfrvgusetslb,🇷🇸,Serbia,Serbian,RS,RS,.rs,Serbian Dinar,6693375,86.4,77474,9397,43.7,Serbian,https://www.srbija.gov.rs,381,right,Europe,true,Christianity,2026-02-07 09:17:50.424,2026-02-07 09:22:41.287
cmlc3pom90030wfrvoh7aa9ri,🇸🇻,El Salvador,Salvadoran,SV,SV,.sv,United States Dollar,6602370,313.8,21041,32488,29.2,Spanish,https://elsalvador.travel/en,503,right,North America,true,Christianity,2026-02-07 09:17:50.432,2026-02-07 09:22:41.288
cmlc3poma0031wfrv2h3cp6vh,🇳🇮,Nicaragua,Nicaraguan,NI,NI,.ni,Nicaraguan Cordoba,6359689,48.8,130370,15671,28.5,Spanish,https://www.visitnicaragua.us,505,right,North America,true,Christianity,2026-02-07 09:17:50.434,2026-02-07 09:22:41.296
cmlc3pomc0032wfrvlpifle8p,🇪🇷,Eritrea,Eritrean,ER,ER,.er,Nakfa,6274796,53.4,117600,2383,21,Tigrinya,http://www.shabait.com/index.php,291,right,Africa,true,Islam,2026-02-07 09:17:50.436,2026-02-07 09:22:41.298
cmlc3pomh0033wfrvrg5xlgcm,🇰🇬,Kyrgyzstan,Kyrgyzstani,KG,KG,.kg,Kyrgyz Som,6122781,30.6,199951,12560,28.1,Kyrgyz,https://www.gov.kg/ky,996,right,Asia,true,Islam,2026-02-07 09:17:50.441,2026-02-07 09:22:41.304
cmlc3pomj0034wfrvvetmxqvd,🇸🇬,Singapore,Singaporean,SG,SG,.sg,Singapore Dollar,5975383,8310.7,719,466788,38.9,English,https://www.gov.sg,65,left,Asia,true,Buddhism,2026-02-07 09:17:50.443,2026-02-07 09:22:41.306
cmlc3pomn0035wfrvcjgne4v6,🇩🇰,Denmark,Danish,DK,DK,.dk,Danish Krone,5946984,138.0,43094,400167,42.2,Danish,https://denmark.dk,45,right,Europe,true,No Religion,2026-02-07 09:17:50.447,2026-02-07 09:22:41.308
cmlc3pomp0036wfrvdvchmywk,🇹🇲,Turkmenistan,Turkmenistani,TM,TM,.tm,Turkmenistan New Manat,5690818,11.7,488100,67009,30.7,Turkmen,http://www.turkmenistan.gov.tm,993,right,Asia,true,Islam,2026-02-07 09:17:50.449,2026-02-07 09:22:41.313
cmlc3pomr0037wfrvj5xsv913,🇨🇬,Republic of the Congo,Congolese,CG,CG,.cg,Central African Cfa Franc,5677493,16.6,342000,15344,20.5,French,https://gouvernement.cg,NULL,right,Africa,true,Christianity,2026-02-07 09:17:50.451,2026-02-07 09:22:41.314
cmlc3poms0038wfrv3j444pim,🇫🇮,Finland,Finnish,FI,FI,.fi,Euro,5614571,16.6,338145,282511,43.2,Finnish,https://finland.fi,358,right,Europe,true,Christianity,2026-02-07 09:17:50.452,2026-02-07 09:22:41.323
cmlc3pomu0039wfrveqcl34of,🇳🇴,Norway,Norwegian,NO,NO,.no,Norwegian Krone,5597924,17.3,323802,579422,40.6,Norwegian,http://www.norway.no,47,right,Europe,true,No Religion,2026-02-07 09:17:50.454,2026-02-07 09:22:41.325
cmlc3pomv003awfrv0nxpgp2p,🇨🇫,Central African Republic,Central African,CF,CF,.cf,Central African Cfa Franc,5552228,8.9,622984,2395,20.2,Sango,NULL,420,right,Africa,true,Christianity,2026-02-07 09:17:50.455,2026-02-07 09:22:41.328
cmlc3pona003bwfrv3kyvcca7,🇱🇷,Liberia,Liberian,LR,LR,.lr,Liberian Dollar,5506280,49.4,111369,3265,19.7,English,https://www.mofa.gov.lr,231,right,Africa,true,Christianity,2026-02-07 09:17:50.47,2026-02-07 09:22:41.329
cmlc3ponc003cwfrvmbndspj7,🇸🇰,Slovakia,Slovak,SK,SK,.sk,Euro,5425319,110.6,49035,115304,42.5,Slovak,https://www.slovakia.com,421,right,Europe,true,Christianity,2026-02-07 09:17:50.472,2026-02-07 09:22:41.335
cmlc3pond003dwfrvzuah7dr4,🇱🇧,Lebanon,Lebanese,LB,LB,.lb,Lebanese Pound,5331203,512.6,10400,39303,35.8,Arabic,https://www.ministryinfo.gov.lb/en,961,right,Asia,true,Islam,2026-02-07 09:17:50.473,2026-02-07 09:22:41.337
cmlc3ponf003ewfrvk6rxot9o,🇮🇪,Ireland,Irish,IE,IE,.ie,Euro,5323991,75.8,70273,532415,39.8,English,http://www.gov.ie,44,left,Europe,true,Christianity,2026-02-07 09:17:50.475,2026-02-07 09:22:41.339
cmlc3ponh003fwfrvi2uvy6iv,🇨🇷,Costa Rica,Costa Rican,CR,CR,.cr,Costa Rican Colon,5256612,102.9,51100,68380,35,Spanish,https://www.presidencia.go.cr,506,right,North America,true,Christianity,2026-02-07 09:17:50.477,2026-02-07 09:22:41.342
cmlc3poni003gwfrv57pr0vat,🇳🇿,New Zealand,New Zealander,NZ,NZ,.nz,New Zealand Dollar,5109702,19.0,268838,245845,37.7,English,https://www.govt.nz,64,left,Oceania,true,Christianity,2026-02-07 09:17:50.478,2026-02-07 09:22:41.344
cmlc3ponk003hwfrvk9i939dc,🇬🇪,Georgia,Georgian,GE,GE,.ge,Georgian Lari,4927228,70.7,69700,24605,38,Georgian,https://www.gov.ge,995,right,Asia,true,Christianity,2026-02-07 09:17:50.48,2026-02-07 09:22:41.345
cmlc3ponm003iwfrvyq8mkom3,🇵🇦,Panama,Panamanian,PA,PA,.pa,United States Dollar,4404108,58.4,75420,76522,31.2,Spanish,https://visitpanama.com/?lang=en,507,right,North America,true,Christianity,2026-02-07 09:17:50.482,2026-02-07 09:22:41.347
cmlc3pono003jwfrvrls95fpk,🇲🇷,Mauritania,Mauritanian,MR,MR,.mr,Mauritanian Ouguiya,4244878,4.1,1030700,10997,21.9,Arabic,NULL,222,right,Africa,true,Islam,2026-02-07 09:17:50.484,2026-02-07 09:22:41.35
cmlc3ponq003kwfrvxsvqnv1l,🇭🇷,Croatia,Croatian,HR,HR,.hr,Euro,4169239,73.7,56594,71552,44.8,Croatian,https://www.vlada.hr,385,right,Europe,true,Christianity,2026-02-07 09:17:50.486,2026-02-07 09:22:41.352
cmlc3ponr003lwfrvglpfjxlh,🇴🇲,Oman,Omani,OM,OM,.om,Omani Rial,3833465,12.4,309500,114666,27.1,Arabic,https://www.oman.om,968,right,Asia,true,Islam,2026-02-07 09:17:50.487,2026-02-07 09:22:41.354
cmlc3ponu003mwfrvko61mmd7,🇧🇦,Bosnia and Herzegovina,Herzegovinian,BA,BA,.ba,Convertible Mark,3807764,74.4,51197,24473,44.4,Bosnian,http://www.fbihvlada.gov.ba,387,right,Europe,true,Islam,2026-02-07 09:17:50.49,2026-02-07 09:22:41.356
cmlc3ponx003nwfrvom1sjqxw,🇺🇾,Uruguay,Uruguayan,UY,UY,.uy,Uruguayan Peso,3416264,19.4,176215,71171,36.2,Spanish,https://www.gub.uy,598,right,South America,true,Christianity,2026-02-07 09:17:50.492,2026-02-07 09:22:41.357
cmlc3pony003owfrvdv362ebo,🇲🇳,Mongolia,Mongolian,MN,MN,.mn,Tugrik,3255468,2.1,1564116,17146,31.2,Mongolian,https://www.gov.mn/en,976,right,Asia,true,Buddhism,2026-02-07 09:17:50.494,2026-02-07 09:22:41.359
cmlc3poo0003pwfrv1gs1jceo,🇲🇩,Moldova,Moldavian,MD,MD,.md,Moldovan Leu,3250532,96.0,33851,14510,39.4,Romanian,http://www.moldova.md,373,right,Europe,true,Christianity,2026-02-07 09:17:50.496,2026-02-07 09:22:41.361
cmlc3poo2003qwfrv04klaeby,🇰🇼,Kuwait,Kuwaiti,KW,KW,.kw,Kuwaiti Dinar,3103580,174.2,17818,175363,30.1,Arabic,https://www.e.gov.kw,965,right,Asia,true,Islam,2026-02-07 09:17:50.498,2026-02-07 09:22:41.365
cmlc3poo3003rwfrvdgw0gjxq,🇦🇱,Albania,Albanian,AL,AL,.al,Albanian Lek,3101621,107.9,28748,18916,35.8,Albanian,https://www.kryeministria.al/en,355,right,Europe,true,Islam,2026-02-07 09:17:50.499,2026-02-07 09:22:41.369
cmlc3poo5003swfrvlpno02mj,🇵🇷,Puerto Rico,Puerto Rican,PR,PR,.pr,United States Dollar,3057311,335.8,9104,113434,45.6,Spanish,https://pr.gov,1,right,North America,false,Christianity,2026-02-07 09:17:50.501,2026-02-07 09:22:41.371
cmlc3poo7003twfrvzj5ihzp0,🇦🇲,Armenia,Armenian,AM,AM,.am,Armenian Dram,2989091,100.5,29743,19513,38.3,Armenian,http://www.gov.am/en,374,right,Asia,true,Christianity,2026-02-07 09:17:50.503,2026-02-07 09:22:41.372
cmlc3vx3z003ui7rvsc3vw2yf,🇵🇸,West Bank,West Banker,XW,PS,NULL,NULL,2949246,521.5,5655,NULL,NULL,NULL,https://www.pcbs.gov.ps/default.aspx,NULL,right,Asia,false,Islam,2026-02-07 09:22:41.375,2026-02-07 09:22:41.375
cmlc3vx42003vi7rv2io69nyo,🇯🇲,Jamaica,Jamaican,JM,JM,.jm,Jamaican Dollar,2820982,256.7,10991,17097,30.5,English,https://www.gov.jm,1,left,North America,true,Christianity,2026-02-07 09:22:41.378,2026-02-07 09:22:41.378
cmlc3vx44003wi7rvn5synzvf,🇳🇦,Namibia,Namibian,NA,NA,.na,Namibian Dollar,2777232,3.4,824292,12607,22.5,English,https://gov.na,NULL,left,Africa,true,NULL,2026-02-07 09:22:41.38,2026-02-07 09:22:41.38
cmlc3vx4a003xi7rvsapnbxd8,🇱🇹,Lithuania,Lithuanian,LT,LT,.lt,Euro,2655755,40.7,65300,70878,45,Lithuanian,https://www.lietuva.lt/en,370,right,Europe,true,Christianity,2026-02-07 09:22:41.386,2026-02-07 09:22:41.386
cmlc3vx4b003yi7rv174fb2c0,🇶🇦,Qatar,Qatari,QA,QA,.qa,Qatari Riyal,2532104,218.5,11586,237101,34.2,Arabic,https://www.diwan.gov.qa,974,right,Asia,true,Islam,2026-02-07 09:22:41.387,2026-02-07 09:22:41.387
cmlc3vx4d003zi7rvnii9050p,🇬🇲,The Gambia,Gambian,GM,GM,.gm,Dalasi,2468569,218.5,11300,2231,19.9,English,https://gambia.gov.gm,220,right,Africa,true,Islam,2026-02-07 09:22:41.389,2026-02-07 09:22:41.389
cmlc3vx4e0040i7rvmkmv9c3t,🇧🇼,Botswana,Botswanan,BW,BW,.bw,Botswana Pula,2417596,4.2,581730,20352,26.8,English,https://gov.bw,267,left,Africa,true,Christianity,2026-02-07 09:22:41.39,2026-02-07 09:22:41.39
cmlc3vx4k0041i7rvdumh9kld,🇬🇦,Gabon,Gabonese,GA,GA,.ga,Central African Cfa Franc,2397368,9.0,267667,20132,21.8,French,https://gouvernement.ga,241,right,Africa,true,Christianity,2026-02-07 09:22:41.396,2026-02-07 09:22:41.396
cmlc3vx4m0042i7rvp4qmyzmu,🇱🇸,Lesotho,Basotho,LS,LS,.ls,Rand,2210646,72.8,30355,2287,23.7,English,https://www.gov.ls,266,left,Africa,true,Christianity,2026-02-07 09:22:41.398,2026-02-07 09:22:41.398
cmlc3vx4o0043i7rvj3xc18ul,🇲🇰,North Macedonia,Macedonian,MK,MK,.mk,North Macedonian Denar,2133410,83.0,25713,13711,40.1,Macedonian,https://vlada.mk,389,right,Europe,true,Christianity,2026-02-07 09:22:41.4,2026-02-07 09:22:41.4
cmlc3vx4q0044i7rvlu1y89ma,🇸🇮,Slovenia,Slovenian,SI,SI,.si,Euro,2099790,103.6,20273,59981,45.9,Slovenian,https://www.gov.si,386,right,Europe,true,Christianity,2026-02-07 09:22:41.402,2026-02-07 09:22:41.402
cmlc3vx4r0045i7rv0swc5lne,🇬🇼,Guinea-Bissau,Guinea-Bissauan,GW,GW,.gw,West African Cfa Franc,2078820,57.5,36125,1574,18.3,Portuguese,https://www.gov.gw,245,right,Africa,true,Islam,2026-02-07 09:22:41.403,2026-02-07 09:22:41.403
cmlc3vx4t0046i7rv14qmffiq,🇽🇰,Kosovo,Kosovan,XK,XK,NULL,Euro,1964327,180.4,10887,NULL,31.7,Serbian,http://www.rks-gov.net,383,right,Europe,false,Islam,2026-02-07 09:22:41.405,2026-02-07 09:22:41.405
cmlc3vx4v0047i7rvvdbrl4o8,🇱🇻,Latvia,Latvian,LV,LV,.lv,Euro,1821750,28.2,64589,40876,45.2,Latvian,https://www.mk.gov.lv,371,right,Europe,true,Christianity,2026-02-07 09:22:41.407,2026-02-07 09:22:41.407
cmlc3vx4x0048i7rv5prnl65x,🇬🇶,Equatorial Guinea,Equatorial Guinean,GQ,GQ,.gq,Central African Cfa Franc,1737695,61.9,28051,11767,21.9,Spanish,https://www.guineaecuatorialpress.com,240,right,Africa,true,Christianity,2026-02-07 09:22:41.409,2026-02-07 09:22:41.409
cmlc3vx4z0049i7rvfz6txvbl,🇧🇭,Bahrain,Bahraini,BH,BH,.bh,Bahraini Dinar,1553886,2044.6,760,44382,33.3,Arabic,https://www.bahrain.bh,973,right,Asia,true,Islam,2026-02-07 09:22:41.411,2026-02-07 09:22:41.411
cmlc3vx50004ai7rvrqyz36c3,🇹🇱,Timor-Leste,East Timorese,TL,TL,.tl,United States Dollar,1476042,99.2,14874,3204,20.3,Portuguese,http://timor-leste.gov.tl/?lang=en,670,left,Asia,true,Christianity,2026-02-07 09:22:41.412,2026-02-07 09:22:41.412
cmlc3vx52004bi7rvj8yooi68,🇹🇹,Trinidad and Tobago,Trinidadian,TT,TT,.tt,Trinidad And Tobago Dollar,1407460,274.5,5128,30053,38,English,http://www.gov.tt,1,left,North America,true,Christianity,2026-02-07 09:22:41.414,2026-02-07 09:22:41.414
cmlc3vx59004ci7rvf4aonw8c,🇲🇺,Mauritius,Mauritian,MU,MU,.mu,Mauritian Rupee,1309448,641.9,2040,12898,39.3,English,http://www.govmu.org,230,left,Seven seas (open ocean),true,Hinduism,2026-02-07 09:22:41.421,2026-02-07 09:22:41.421
cmlc3vx5b004di7rv90rr4qde,🇨🇾,Cyprus,Cypriot,CY,CY,.cy,Euro,1308120,141.4,9251,29210,39.1,Greek,http://www.cyprus.gov.cy,90,left,Asia,true,Christianity,2026-02-07 09:22:41.423,2026-02-07 09:22:41.423
cmlc3vx5d004ei7rve8f8lz6k,🇪🇪,Estonia,Estonian,EE,EE,.ee,Euro,1202762,26.6,45228,38049,44.7,Estonian,https://valitsus.ee,372,right,Europe,true,No Religion,2026-02-07 09:22:41.425,2026-02-07 09:22:41.425
cmlc3vx5i004fi7rvhrfkau2z,🇸🇿,Eswatini,liSwati,SZ,SZ,.sz,Lilangeni,1130043,65.1,17364,4326,24.4,English,http://www.gov.sz,268,left,Africa,true,Christianity,2026-02-07 09:22:41.43,2026-02-07 09:22:41.43
cmlc3vx5l004gi7rv6q2hqmah,🇩🇯,Djibouti,Djiboutian,DJ,DJ,.dj,Djiboutian Franc,976143,42.1,23200,4003,26,Arabic,https://www.presidence.dj,253,right,Africa,true,Islam,2026-02-07 09:22:41.433,2026-02-07 09:22:41.433
cmlc3vx5n004hi7rv0nzopme4,🇫🇯,Fiji,Fijian,FJ,FJ,.fj,Fijian Dollar,947760,51.9,18274,4979,31.2,English,https://www.fiji.gov.fj,679,left,Oceania,true,Christianity,2026-02-07 09:22:41.435,2026-02-07 09:22:41.435
cmlc3vx5p004ii7rvemvb7dlg,🇰🇲,Comoros,Comorian,KM,KM,.km,Comorian Franc,888378,397.5,2235,1246,22.3,Arabic,https://beit-salam.km,269,right,Africa,true,Islam,2026-02-07 09:22:41.437,2026-02-07 09:22:41.437
cmlc3vx5r004ji7rvxvire1za,🇧🇹,Bhutan,Bhutanese,BT,BT,.bt,Ngultrum,876181,22.8,38394,2898,30.2,Dzongkha,http://www.bhutan.gov.bt,975,left,Asia,true,Buddhism,2026-02-07 09:22:41.439,2026-02-07 09:22:41.439
cmlc3vx5s004ki7rvg1hiod3k,🇬🇾,Guyana,Guyanese,GY,GY,.gy,Guyanese Dollar,791739,3.7,214969,14718,27.9,English,https://parliament.gov.gy,592,left,South America,true,Christianity,2026-02-07 09:22:41.44,2026-02-07 09:22:41.44
cmlc3vx5u004li7rv1hm818i6,🇸🇧,Solomon Islands,Solomon Islander,SB,SB,.sb,Solomon Islands Dollar,714766,24.7,28896,1597,24.8,English,https://solomons.gov.sb,677,left,Oceania,true,Christianity,2026-02-07 09:22:41.442,2026-02-07 09:22:41.442
cmlc3vx5w004mi7rvjw47cnk3,🇱🇺,Luxembourg,Luxembourgian,LU,LU,.lu,Euro,660924,255.6,2586,81530,39.8,Luxembourgish,https://luxembourg.public.lu,352,right,Europe,true,Christianity,2026-02-07 09:22:41.444,2026-02-07 09:22:41.444
cmlc3vx5y004ni7rvrrmzkpwd,🇲🇴,Macau,Macanese,MO,MO,.mo,Hong Kong Dollar,639971,22856.1,28,24042,42,Chinese,https://www.gov.mo,853,left,Asia,false,Buddhism,2026-02-07 09:22:41.446,2026-02-07 09:22:41.446
cmlc3vx65004oi7rvmrzwdhoz,🇸🇷,Suriname,Surinamese,SR,SR,.sr,Surinamese Dollar,639759,3.9,163820,3620,31.6,Dutch,https://gov.sr,597,left,South America,true,Christianity,2026-02-07 09:22:41.453,2026-02-07 09:22:41.453
cmlc3vx67004pi7rvba3jd08j,🇨🇻,Cape Verde,Cabo Verdean,CV,CV,.cv,Cape Verdean Escudo,603901,149.7,4033,2314,28.3,Portuguese,http://www.governo.cv,NULL,right,Africa,true,Christianity,2026-02-07 09:22:41.455,2026-02-07 09:22:41.455
cmlc3vx69004qi7rv75i01frq,🇲🇪,Montenegro,Montenegrin,ME,ME,.me,Euro,602445,43.6,13812,6229,40.7,Montenegrin,https://www.gov.me,382,right,Europe,true,Christianity,2026-02-07 09:22:41.457,2026-02-07 09:22:41.457
cmlc3vx6b004ri7rvpdyx1yxj,🇪🇭,Western Sahara,Sahrawi,EH,EH,.eh,Moroccan Dirham,565581,2.1,272000,NULL,NULL,Arabic,NULL,NULL,right,Africa,false,Islam,2026-02-07 09:22:41.459,2026-02-07 09:22:41.459
cmlc3vx6f004si7rv1aw8re5o,🇲🇻,Maldives,Maldivian,MV,MV,.mv,Maldivian Rufiyaa,521021,1748.4,298,6170,31.3,Divehi,https://visitmaldives.com,960,left,Seven seas (open ocean),true,Islam,2026-02-07 09:22:41.463,2026-02-07 09:22:41.463
cmlc3vx6h004ti7rvxbpb9lut,🇧🇳,Brunei,Brunei,BN,BN,.bn,Brunei Dollar,484991,84.1,5765,16681,32,Malay,https://www.gov.bn/bm,673,left,Asia,true,Islam,2026-02-07 09:22:41.465,2026-02-07 09:22:41.465
cmlc3vx6j004ui7rvk6hb9zsw,🇲🇹,Malta,Maltese,MT,MT,.mt,Euro,467138,1478.3,316,18100,43.2,Maltese,http://www.gov.mt,356,left,Europe,true,Christianity,2026-02-07 09:22:41.467,2026-02-07 09:22:41.467
cmlc3vx6m004vi7rv3vkdt7t7,🇧🇿,Belize,Belizean,BZ,BZ,.bz,Belize Dollar,419137,18.3,22966,2830,26.4,English,http://www.belize.gov.bz,501,right,North America,true,Christianity,2026-02-07 09:22:41.47,2026-02-07 09:22:41.47
cmlc3vx6n004wi7rvq1p9gfht,🇬🇵,Guadeloupe,Guadeloupean,GP,GP,.gp,Euro,378561,232.5,1628,9462,NULL,French,https://www.guadeloupe.gouv.fr,590,right,North America,false,Christianity,2026-02-07 09:22:41.471,2026-02-07 09:22:41.471
cmlc3vx6p004xi7rv4vfg3hff,🇮🇸,Iceland,Icelander,IS,IS,.is,Icelandic Krona,360872,3.5,103000,28064,37.8,Icelandic,http://www.iceland.is,354,right,Europe,true,Christianity,2026-02-07 09:22:41.473,2026-02-07 09:22:41.473
cmlc3vx6q004yi7rvvchtjmca,🇧🇸,The Bahamas,Bahamian,BS,BS,.bs,Bahamian Dollar,358508,25.8,13880,12897,30.2,English,https://www.bahamas.gov.bs,1,left,North America,true,Christianity,2026-02-07 09:22:41.474,2026-02-07 09:22:41.474
cmlc3vx6s004zi7rvq2mqp092,🇻🇺,Vanuatu,Ni-Vanuatu,VU,VU,.vu,Vanuatu Vatus,313046,25.7,12189,985,24.2,Bislama,https://www.gov.vu,678,right,Oceania,true,Christianity,2026-02-07 09:22:41.476,2026-02-07 09:22:41.476
cmlc3vx6w0050i7rvh5na8xww,🇧🇧,Barbados,Barbadian,BB,BB,.bb,Barbadian Dollar,303431,705.7,430,5699,41,English,http://www.gov.bb,1,left,North America,true,Christianity,2026-02-07 09:22:41.48,2026-02-07 09:22:41.48
cmlc3vx6y0051i7rvp8ztctad,🇵🇫,French Polynesia,French Polynesian,PF,PF,.pf,Cfp Franc,301488,72.4,4167,5814,34.8,French,https://www.polynesie-francaise.pref.gouv.fr,689,right,Oceania,false,Christianity,2026-02-07 09:22:41.482,2026-02-07 09:22:41.482
cmlc3vx700052i7rvadxqsd1s,🇳🇨,New Caledonia,New Caledonian,NC,NC,.nc,Cfp Franc,300682,16.2,18575,9623,33.9,French,https://gouv.nc,687,right,Oceania,false,Christianity,2026-02-07 09:22:41.484,2026-02-07 09:22:41.484
cmlc3vx720053i7rvs7r5n9ud,🇸🇹,São Tomé and Príncipe,Sao Tomean,ST,ST,.st,Sã£O Tomã© And Prã­Ncipe Dobra,220372,228.6,964,546,20.4,Portuguese,http://www.saotome.st,239,right,Africa,true,Christianity,2026-02-07 09:22:41.486,2026-02-07 09:22:41.486
cmlc3vx730054i7rvqf41hf42,🇼🇸,Samoa,Samoan,WS,WS,.ws,Samoan Tala,207501,73.3,2831,857,26.9,Samoan,http://www.samoagovt.ws,685,left,Oceania,true,Christianity,2026-02-07 09:22:41.487,2026-02-07 09:22:41.487
cmlc3vx750055i7rv4ow45kjh,🇬🇺,Guam,Guamanian,GU,GU,.gu,United States Dollar,169330,311.3,544,NULL,30.1,English,http://www.guam.gov,1,right,Oceania,false,Christianity,2026-02-07 09:22:41.489,2026-02-07 09:22:41.489
cmlc3vx770056i7rv61ks5zkn,🇱🇨,Saint Lucia,Saint Lucian,LC,LC,.lc,Eastern Caribbean Dollar,167591,272.1,616,2165,39,English,http://www.govt.lc,1,left,North America,true,Christianity,2026-02-07 09:22:41.491,2026-02-07 09:22:41.491
cmlc3vx7a0057i7rvxmn3s7ux,🇨🇼,Curaçao,Curaçaoan,CW,CW,.cw,Netherlands Antillean Guilder,152849,344.3,444,NULL,37.5,English,http://www.curacao.com,599,right,North America,false,Christianity,2026-02-07 09:22:41.494,2026-02-07 09:22:41.494
cmlc3vx7c0058i7rv13my9pqt,🇦🇼,Aruba,Aruban,AW,AW,.aw,Aruban Florin,123702,687.2,180,3544,40.7,Dutch,http://www.aruba.com,297,right,North America,false,Christianity,2026-02-07 09:22:41.496,2026-02-07 09:22:41.496
cmlc3vx7d0059i7rv40qxhhey,🇰🇮,Kiribati,I-Kiribati,KI,KI,.ki,Australian Dollar,115372,142.3,811,223,26.9,English,https://www.kiribati.gov.ki,686,left,Oceania,true,Christianity,2026-02-07 09:22:41.497,2026-02-07 09:22:41.497
cmlc3vx7g005ai7rv9s4zpqc6,🇬🇩,Grenada,Grenadian,GD,GD,.gd,Eastern Caribbean Dollar,114299,332.3,344,1192,35,English,https://www.gov.gd,1,left,North America,true,Christianity,2026-02-07 09:22:41.5,2026-02-07 09:22:41.5
cmlc3vx7j005bi7rveezz79ss,🇹🇴,Tonga,Tongan,TO,TO,.to,Tongan Paʻanga,105221,140.9,747,488,25.4,English,http://www.mic.gov.to,676,left,Oceania,true,Christianity,2026-02-07 09:22:41.503,2026-02-07 09:22:41.503
cmlc3vx7k005ci7rv8d11kqz9,🇻🇮,United States Virgin Islands,Virgin Islander,VI,VI,.vi,United States Dollar,104917,54.9,1910,NULL,42.7,English,http://www.vi.gov,1,left,North America,false,Christianity,2026-02-07 09:22:41.504,2026-02-07 09:22:41.504
cmlc3vx7m005di7rvhwediom4,🇯🇪,Jersey,Jersey People,JE,JE,.je,Pound Sterling,102785,886.1,116,NULL,38,English,https://www.gov.je,44,left,Europe,false,Christianity,2026-02-07 09:22:41.506,2026-02-07 09:22:41.506
cmlc3vx7p005ei7rvgouw86f6,🇦🇬,Antigua and Barbuda,Antigua and Barbuda,AG,AG,.ag,Eastern Caribbean Dollar,101489,229.1,443,1770,33.6,English,http://www.ab.gov.ag,1,left,North America,true,Christianity,2026-02-07 09:22:41.509,2026-02-07 09:22:41.509
cmlc3vx7s005fi7rvw15q18yl,🇻🇨,Saint Vincent and the Grenadines,Saint Vincentian,VC,VC,.vc,Eastern Caribbean Dollar,100804,259.1,389,946,37,English,https://www.gov.vc,1,left,North America,true,Christianity,2026-02-07 09:22:41.512,2026-02-07 09:22:41.512
cmlc3vx7u005gi7rvhld3dmlr,🇫🇲,Federated States of Micronesia,Micronesian,FM,FM,.fm,United States Dollar,100319,142.9,702,427,27.8,English,https://gov.fm,691,right,Oceania,true,Christianity,2026-02-07 09:22:41.514,2026-02-07 09:22:41.514
cmlc3vx7z005hi7rvkdmtlz9o,🇸🇨,Seychelles,Seychelloise,SC,SC,.sc,Seychellois Rupee,97617,214.5,455,1994,38.2,English,http://www.egov.sc,248,left,Seven seas (open ocean),true,Christianity,2026-02-07 09:22:41.519,2026-02-07 09:22:41.519
cmlc3vx81005ii7rvczd5jeze,🇮🇲,Isle of Man,Manx,IM,IM,.im,Manx Pound,91840,160.6,572,NULL,44.8,Manx,http://www.gov.im,44,left,Europe,false,Christianity,2026-02-07 09:22:41.521,2026-02-07 09:22:41.521
cmlc3vx85005ji7rv56gqluhl,🇦🇩,Andorra,Andorran,AD,AD,.ad,Euro,85468,182.6,468,3376,48.1,Catalan,https://www.govern.ad,376,right,Europe,true,Christianity,2026-02-07 09:22:41.525,2026-02-07 09:22:41.525
cmlc3vx87005ki7rv99m1m48y,🇲🇭,Marshall Islands,Marshallese,MH,MH,.mh,United States Dollar,80966,447.3,181,279,25.1,English,https://rmiparliament.org/cms,692,right,Oceania,true,Christianity,2026-02-07 09:22:41.527,2026-02-07 09:22:41.527
cmlc3vx89005li7rvu3zht7gb,🇩🇲,Dominica,Dominican,DM,DM,.dm,Eastern Caribbean Dollar,74656,99.4,751,612,36.5,English,http://www.dominica.gov.dm,1,left,North America,true,Christianity,2026-02-07 09:22:41.529,2026-02-07 09:22:41.529
cmlc3vx8b005mi7rvmw188llw,🇧🇲,Bermuda,Bermudian,BM,BM,.bm,Bermudian Dollar,72576,1344.0,54,7546,43.7,English,https://www.gov.bm,1,left,North America,false,Christianity,2026-02-07 09:22:41.531,2026-02-07 09:22:41.531
cmlc3vx8g005ni7rvuqb4gyv0,🇬🇬,Guernsey,Guernsey,GG,GG,.gg,Pound Sterling,67642,867.2,78,NULL,44.8,English,https://www.gov.gg,44,left,Europe,false,Christianity,2026-02-07 09:22:41.536,2026-02-07 09:22:41.536
cmlc3vx8i005oi7rvlijaz7ua,🇰🇾,Cayman Islands,Caymanian,KY,KY,.ky,Cayman Islands Dollar,65483,248.0,264,6281,41,English,https://www.gov.ky,1,left,North America,false,Christianity,2026-02-07 09:22:41.538,2026-02-07 09:22:41.538
cmlc3vx8p005pi7rvef4hcibr,🇹🇨,Turks and Caicos Islands,Turks and Caicos Islander,TC,TC,.tc,United States Dollar,59367,62.6,948,1138,35.9,English,https://www.gov.tc,1,left,North America,false,Christianity,2026-02-07 09:22:41.545,2026-02-07 09:22:41.545
cmlc3vx8r005qi7rv38ld7e2t,🇬🇱,Greenland,Greenlandic,GL,GL,.gl,Danish Krone,57777,0.0,2166086,2926,35,Greenlandic,https://naalakkersuisut.gl,299,right,North America,false,Christianity,2026-02-07 09:22:41.547,2026-02-07 09:22:41.547
cmlc3vx8u005ri7rveccy4wgc,🇰🇳,Saint Kitts and Nevis,Kittitian,KN,KN,.kn,Eastern Caribbean Dollar,54817,210.0,261,979,38.1,English,https://www.gov.kn,1,left,North America,true,Christianity,2026-02-07 09:22:41.55,2026-02-07 09:22:41.55
cmlc3vx8v005si7rvul33up3d,🇫🇴,Faroe Islands,Faroe Islander,FO,FO,.fo,Faroese Krona,52600,37.8,1393,NULL,36.8,Faroese,https://www.government.fo,298,right,Europe,false,Christianity,2026-02-07 09:22:41.551,2026-02-07 09:22:41.551
cmlc3vx8x005ti7rv59ar9y9x,🇲🇵,Northern Mariana Islands,Northern Mariana Islander,MP,MP,.mp,United States Dollar,51295,110.5,464,NULL,32.3,English,http://gov.mp,1,right,Oceania,false,Christianity,2026-02-07 09:22:41.553,2026-02-07 09:22:41.553
cmlc3vx8z005ui7rvtvlvx0mt,🇸🇽,Sint Maarten,St. Maartener,SX,SX,.sx,Netherlands Antillean Guilder,45677,1343.4,34,NULL,41.1,English,NULL,1,right,North America,false,Christianity,2026-02-07 09:22:41.555,2026-02-07 09:22:41.555
cmlc3vx92005vi7rvi1eylj7s,🇦🇸,American Samoa,American Samoan,AS,AS,.as,United States Dollar,44620,199.2,224,709,29.4,English,https://www.americansamoa.gov,1,right,Oceania,false,Christianity,2026-02-07 09:22:41.558,2026-02-07 09:22:41.558
cmlc3vx94005wi7rvosxrt032,🇱🇮,Liechtenstein,Liechtensteiner,LI,LI,.li,Swiss Franc,39993,250.0,160,7757,44.1,German,https://www.liechtenstein.li,423,right,Europe,true,Christianity,2026-02-07 09:22:41.56,2026-02-07 09:22:41.56
cmlc3vx96005xi7rvprp6z3d4,🇻🇬,British Virgin Islands,British Virgin Islander,VG,VG,.vg,United States Dollar,39369,260.7,151,NULL,38.2,English,http://www.bvi.gov.vg,1,left,North America,false,Christianity,2026-02-07 09:22:41.562,2026-02-07 09:22:41.562
cmlc3vx98005yi7rvnfsn0l0z,🇸🇲,San Marino,Sammarinese,SM,SM,.sm,Euro,34892,572.0,61,1780,45.9,Italian,https://www.gov.sm,378,right,Europe,true,Christianity,2026-02-07 09:22:41.564,2026-02-07 09:22:41.564
cmlc3vx9a005zi7rvvycbfr1o,🇲🇫,Saint-Martin,Saint-Martinoi,MF,MF,.mf,Euro,32897,657.9,50,NULL,34,French,https://www.sintmaartengov.org,590,right,North America,false,Christianity,2026-02-07 09:22:41.566,2026-02-07 09:22:41.566
cmlc3vx9d0060i7rvql87q7l2,🇲🇨,Monaco,Monegasque,MC,MC,.mc,Euro,31597,15798.5,2,8772,56.2,French,https://www.gouv.mc|https://www.mairie.mc,377,right,Europe,true,Christianity,2026-02-07 09:22:41.569,2026-02-07 09:22:41.569
cmlc3vx9f0061i7rv85nibpb9,🇧🇶,Caribbean Netherlands,Dutch Caribbean,BQ,BQ,.bq,United States Dollar,30397,NULL,NULL,725,NULL,English,http://www.rijksdienstcn.com,599,right,North America,false,Christianity,2026-02-07 09:22:41.571,2026-02-07 09:22:41.571
cmlc3vx9n0062i7rv7xyuaric,🇬🇮,Gibraltar,Gibraltarian,GI,GI,.gi,Gibraltar Pound,29629,4232.7,7,NULL,36.6,English,http://www.gibraltar.gov.gi,350,right,Europe,false,Christianity,2026-02-07 09:22:41.579,2026-02-07 09:22:41.579
cmlc3vx9t0063i7rvnzsae526,🇵🇼,Palau,Palauan,PW,PW,.pw,United States Dollar,21779,47.4,459,225,35,English,https://www.palaugov.pw,680,right,Oceania,true,Christianity,2026-02-07 09:22:41.585,2026-02-07 09:22:41.585
cmlc3vx9v0064i7rvqxs3ljmj,🇦🇮,Anguilla,Anguillan,AI,AI,.ai,Eastern Caribbean Dollar,19079,209.7,91,NULL,36.8,English,https://www.gov.ai,1,left,North America,false,Christianity,2026-02-07 09:22:41.587,2026-02-07 09:22:41.587
cmlc3vx9x0065i7rvmq2fu48t,🇼🇫,Wallis and Futuna,Wallisian,WF,WF,.wf,Cfp Franc,15929,112.2,142,NULL,35.8,French,http://www.wallis-et-futuna.pref.gouv.fr,681,right,Oceania,false,Christianity,2026-02-07 09:22:41.589,2026-02-07 09:22:41.589
cmlc3vxaj0066i7rvg8chqcwz,🇹🇻,Tuvalu,Tuvaluan,TV,TV,.tv,Tuvaluan Dollar,11639,447.7,26,59,27.5,English,https://finance.gov.tv,688,left,Oceania,true,Christianity,2026-02-07 09:22:41.611,2026-02-07 09:22:41.611
cmlc3vxba0067i7rv202tca2u,🇳🇷,Nauru,Nauruan,NR,NR,.nr,Australian Dollar,9852,469.1,21,147,27.5,Nauruan,https://www.nauru.gov.nr,674,left,Oceania,true,Christianity,2026-02-07 09:22:41.638,2026-02-07 09:22:41.638
cmlc3vxbo0068i7rv4pu5xntm,🇨🇰,Cook Islands,Cook Islander,CK,CK,.ck,Cook Islands Dollar,7939,33.6,236,NULL,40.6,English,http://www.ck/govt.htm,682,left,Oceania,false,Christianity,2026-02-07 09:22:41.652,2026-02-07 09:22:41.652
cmlc3vxc90069i7rvqisscers,🇸🇭,"""Saint Helena","Ascension and Tristan da Cunha""",Ascension Islander,SH,SH,NULL,Pound Sterling,7935,20.1,394,NULL,44.7,English,NULL,290,left,false,FALSE,2026-02-07 09:22:41.673,2026-02-07 09:22:41.673
cmlc3vxce006ai7rvof4mg7k9,🇧🇱,Saint Barthélemy,Saint-Barth,BL,BL,.bl,Euro,7093,283.7,25,NULL,47,French,https://www.comstbarth.fr,590,right,North America,false,Christianity,2026-02-07 09:22:41.678,2026-02-07 09:22:41.678
cmlc3vxco006bi7rvz92h24yw,🇲🇸,Montserrat,Montserratian,MS,MS,.ms,Eastern Caribbean Dollar,5440,53.3,102,NULL,36.4,English,https://www.gov.ms,1,left,North America,false,Christianity,2026-02-07 09:22:41.688,2026-02-07 09:22:41.688
cmlc3vxcr006ci7rvnd9g2hdj,🇵🇲,Saint Pierre and Miquelon,Saint-Pierrai,PM,PM,.fr,Euro,5195,21.5,242,NULL,50.6,French,http://www.spm-ct975.fr,508,right,North America,false,Christianity,2026-02-07 09:22:41.691,2026-02-07 09:22:41.691
cmlc3vxcu006di7rvzzw9qp3t,🇫🇰,Falkland Islands,Falkland Islander,FK,FK,.fk,Falkland Islands Pound,3662,0.3,12173,NULL,NULL,English,http://www.falklands.gov.fk,500,left,South America,false,Christianity,2026-02-07 09:22:41.694,2026-02-07 09:22:41.694
cmlc3vxcy006ei7rvo3dhi7k4,🇸🇯,Svalbard and Jan Mayen,Svalbardian,SJ,SJ,.sj,Norwegian Krone,2926,0.0,62045,NULL,NULL,Norwegian,https://www.sysselmesteren.no/en,47,right,Europe,false,Christianity,2026-02-07 09:22:41.698,2026-02-07 09:22:41.698
cmlc3vxd2006fi7rv6y3ziveq,🇨🇽,Christmas Island,Christmas Islander,CX,CX,.cx,Australian Dollar,2205,16.3,135,NULL,NULL,English,https://www.shire.gov.cx,61,left,Asia,false,Buddhism,2026-02-07 09:22:41.701,2026-02-07 09:22:41.701
cmlc3vxd3006gi7rvf9xkvvsm,🇳🇺,Niue,Niuean,NU,NU,.nu,New Zealand Dollar,2000,7.7,260,NULL,NULL,English,https://www.gov.nu,683,left,Oceania,false,Christianity,2026-02-07 09:22:41.703,2026-02-07 09:22:41.703
cmlc3vxd5006hi7rveni7rrag,🇳🇫,Norfolk Island,Norfolk Islander,NF,NF,.nf,Australian Dollar,1748,48.6,36,NULL,NULL,English,http://www.info.gov.nf,672,left,Oceania,false,Christianity,2026-02-07 09:22:41.705,2026-02-07 09:22:41.705
cmlc3vxd6006ii7rvkobsunvd,🇹🇰,Tokelau,Tokelauan,TK,TK,.tk,New Zealand Dollar,1647,137.3,12,NULL,NULL,English,https://www.tokelau.org.nz,690,left,Insular Oceania,false,Christianity,2026-02-07 09:22:41.706,2026-02-07 09:22:41.706
cmlc3vxd8006ji7rvgjlwns7m,🇻🇦,Vatican City,Vatican,VA,VA,.va,Euro,1000,NULL,0,NULL,NULL,Italian,http://www.vaticanstate.va,39,right,Europe,false,Christianity,2026-02-07 09:22:41.708,2026-02-07 09:22:41.708
cmlc3vxda006ki7rvc7xx13z5,🇨🇨,Cocos (Keeling) Islands,Cocos Islander,CC,CC,.cc,Australian Dollar,596,42.6,14,NULL,NULL,English,NULL,61,left,Oceania,false,Islam,2026-02-07 09:22:41.71,2026-02-07 09:22:41.71
cmlc3vxdc006li7rvxfvxnbj4,🇺🇲,United States Minor Outlying Islands,NULL,UM,UM,.um,United States Dollar,300,6.1,49.26,NULL,NULL,English,NULL,NULL,right,North America,false,Christianity,2026-02-07 09:22:41.712,2026-02-07 09:22:41.712
cmlc3vxdd006mi7rvwi97xjmx,🇵🇳,Pitcairn Islands,Pitcairn Islander,PN,PN,.pn,New Zealand Dollar,50,1.1,47,NULL,NULL,English,https://www.government.pn,64,left,Oceania,false,Christianity,2026-02-07 09:22:41.713,2026-02-07 09:22:41.713
cmlc3vxdh006ni7rvvnczfral,NULL,Akrotiri,NULL,QZ,NULL,NULL,NULL,NULL,NULL,NULL,NULL,NULL,NULL,NULL,NULL,left,NULL,false,Christianity,2026-02-07 09:22:41.717,2026-02-07 09:22:41.717
cmlc3vxdj006oi7rvobd0zeyz,🇮🇴,British Indian Ocean Territory,NULL,IO,IO,.io,United States Dollar,NULL,NULL,60,NULL,NULL,English,https://www.biot.gov.io,246,right,Seven seas (open ocean),false,Islam,2026-02-07 09:22:41.719,2026-02-07 09:22:41.719
cmlc3vxdk006pi7rv8dwdi769,NULL,Dhekelia,NULL,XD,NULL,NULL,NULL,NULL,NULL,NULL,NULL,NULL,NULL,NULL,NULL,left,NULL,false,Christianity,2026-02-07 09:22:41.72,2026-02-07 09:22:41.72
cmlc3vxdm006qi7rvtaivjiiv,🇬🇫,French Guiana,French Guianese,GF,GF,.gf,Euro,NULL,NULL,NULL,NULL,NULL,French,https://www.ctguyane.fr,594,right,South America,false,Christianity,2026-02-07 09:22:41.722,2026-02-07 09:22:41.722
cmlc3vxdn006ri7rv1nespdua,🇹🇫,French Southern and Antarctic Lands,NULL,TF,TF,.tf,Euro,NULL,NULL,NULL,NULL,NULL,French,https://taaf.fr,596,right,Seven seas (open ocean),false,NULL,2026-02-07 09:22:41.723,2026-02-07 09:22:41.723
cmlc3vxdp006si7rvbh1h85go,🇵🇸,Gaza Strip,Gazan,XG,PS,NULL,NULL,NULL,NULL,NULL,NULL,NULL,NULL,https://www.pcbs.gov.ps/default.aspx,NULL,right,Asia,false,Islam,2026-02-07 09:22:41.725,2026-02-07 09:22:41.725
cmlc3vxdr006ti7rvb7b9ymda,🇲🇶,Martinique,Martiniquai,MQ,MQ,.mq,Euro,NULL,NULL,NULL,NULL,NULL,French,http://www.martinique.pref.gouv.fr,596,right,North America,false,Christianity,2026-02-07 09:22:41.727,2026-02-07 09:22:41.727
cmlc3vxdt006ui7rv5wpdtl3k,🇾🇹,Mayotte,Mahoran,YT,YT,.yt,Euro,NULL,NULL,NULL,NULL,NULL,French,https://mayotte.fr,262,right,Africa,false,Islam,2026-02-07 09:22:41.729,2026-02-07 09:22:41.729
cmlc3vxdu006vi7rvrtsjmufm,NULL,Paracel Islands,NULL,XP,NULL,NULL,NULL,NULL,NULL,NULL,NULL,NULL,NULL,NULL,NULL,right,NULL,false,NULL,2026-02-07 09:22:41.73,2026-02-07 09:22:41.73
cmlc3vxdx006wi7rvcxb5sist,🇷🇪,Réunion,Reunion,RE,RE,.re,Euro,NULL,NULL,NULL,NULL,NULL,French,http://www.regionreunion.com,262,right,Africa,false,Christianity,2026-02-07 09:22:41.733,2026-02-07 09:22:41.733
cmlc3vxdz006xi7rvx5hjno2r,🇬🇸,South Georgia and the South Sandwich Islands,South Sandwich Islander,GS,GS,.gs,Pound Sterling,NULL,NULL,NULL,NULL,NULL,English,https://gov.gs,7,left,Seven seas (open ocean),false,NULL,2026-02-07 09:22:41.735,2026-02-07 09:22:41.735
cmlc3vxe1006yi7rvd2t4j5jq,🇭🇲,Heard Island and McDonald Islands,NULL,HM,HM,.hm,NULL,NULL,NULL,412,NULL,NULL,NULL,https://www.antarctica.gov.au/antarctic-operations/stations/other-locations/heard-island,1,left,Seven seas (open ocean),false,NULL,2026-02-07 09:22:41.737,2026-02-07 09:22:41.737
cmlc3vxe3006zi7rvn56vcij1,🇧🇻,Bouvet Island,NULL,BV,BV,.bv,NULL,NULL,NULL,49,NULL,NULL,NULL,NULL,NULL,right,Antarctica,false,NULL,2026-02-07 09:22:41.739,2026-02-07 09:22:41.739
cmlc3vxe50070i7rvhhur1pfv,🇦🇶,Antarctica,NULL,AQ,AQ,.aq,NULL,NULL,NULL,14200000,NULL,NULL,NULL,http://www.ats.aq,NULL,NULL,Antarctica,false,No Religion,2026-02-07 09:22:41.741,2026-02-07 09:22:41.741